<?xml version="1.0"?>
<doc>
    <assembly>
        <name>UTH.Framework.Wpf</name>
    </assembly>
    <members>
        <member name="T:UTH.Framework.Wpf.UTHPage">
            <summary>
            Page 基类
            </summary>
        </member>
        <member name="T:UTH.Framework.Wpf.UTHWindow">
            <summary>
            MahApps窗体基类
            </summary>
        </member>
        <member name="T:UTH.Framework.Wpf.MvvmLightExtension">
            <summary>
            MvvmLight 扩展
            </summary>
        </member>
        <member name="T:UTH.Framework.Wpf.WpfAccessor">
            <summary>
            WPF访问者
            </summary>
        </member>
        <member name="T:UTH.Framework.Wpf.CommonEventModel">
            <summary>
            事件列表
            </summary>
        </member>
        <member name="F:UTH.Framework.Wpf.CommonEventModel.ProcessStart">
            <summary>
            开始一个程序进程
            </summary>
        </member>
        <member name="F:UTH.Framework.Wpf.CommonEventModel.MessageTip">
            <summary>
            内容消息
            </summary>
        </member>
        <member name="F:UTH.Framework.Wpf.CommonEventModel.MessageCall">
            <summary>
            内容消息+回调
            </summary>
        </member>
        <member name="F:UTH.Framework.Wpf.CommonEventModel.SuccessTip">
            <summary>
            成功消息
            </summary>
        </member>
        <member name="F:UTH.Framework.Wpf.CommonEventModel.SuccessCall">
            <summary>
            成功消息+回调
            </summary>
        </member>
        <member name="F:UTH.Framework.Wpf.CommonEventModel.ErrorTip">
            <summary>
            错误消息
            </summary>
        </member>
        <member name="F:UTH.Framework.Wpf.CommonEventModel.ErrorCall">
            <summary>
            错误消息+回调
            </summary>
        </member>
        <member name="F:UTH.Framework.Wpf.CommonEventModel.ConfirmTip">
            <summary>
            确认消息
            </summary>
        </member>
        <member name="F:UTH.Framework.Wpf.CommonEventModel.ConfirmCall">
            <summary>
            确认消息+回调
            </summary>
        </member>
        <member name="F:UTH.Framework.Wpf.CommonEventModel.StartupClose">
            <summary>
            启动页完成后跳转登录
            </summary>
        </member>
        <member name="F:UTH.Framework.Wpf.CommonEventModel.OpenMain">
            <summary>
            打开主界面
            </summary>
        </member>
        <member name="M:UTH.Framework.Wpf.CommonEventModel.Regist(UTH.Framework.Wpf.IFormBase)">
            <summary>
            公共事件注册
            </summary>
        </member>
        <member name="T:UTH.Framework.Wpf.UTHViewModel">
            <summary>
            ViewModel 基类
            </summary>
        </member>
        <member name="P:UTH.Framework.Wpf.UTHViewModel.CurrentUser">
            <summary>
            访问会话
            </summary>
        </member>
        <member name="P:UTH.Framework.Wpf.UTHViewModel.Title">
            <summary>
            窗体标题
            </summary>
        </member>
        <member name="P:UTH.Framework.Wpf.UTHViewModel.Descript">
            <summary>
            描述信息
            </summary>
        </member>
        <member name="P:UTH.Framework.Wpf.UTHViewModel.IsMask">
            <summary>
            是否显示遮罩
            </summary>
        </member>
        <member name="P:UTH.Framework.Wpf.UTHViewModel.MaskTip">
            <summary>
            遮罩层提示
            </summary>
        </member>
        <member name="T:UTH.Framework.Wpf.WpfHelper">
            <summary>
            WPF应用程序辅助类
            </summary>
        </member>
        <member name="M:UTH.Framework.Wpf.WpfHelper.RegistryGet(Microsoft.Win32.RegistryKey,System.String,System.String)">
            <summary>
            读取指定名称的注册表的值
            </summary>
            <param name="root"></param>
            <param name="subkey"></param>
            <param name="name"></param>
            <returns></returns>
        </member>
        <member name="M:UTH.Framework.Wpf.WpfHelper.RegistrySet(Microsoft.Win32.RegistryKey,System.String,System.String,System.String)">
            <summary>
            向注册表中写数据
            </summary>
            <param name="root"></param>
            <param name="subkey"></param>
            <param name="name"></param>
            <param name="value"></param>
        </member>
        <member name="M:UTH.Framework.Wpf.WpfHelper.RegistryDelete(Microsoft.Win32.RegistryKey,System.String,System.String)">
            <summary>
            删除注册表中指定的注册表项
            </summary>
            <param name="root"></param>
            <param name="subkey"></param>
            <param name="name"></param>
        </member>
        <member name="M:UTH.Framework.Wpf.WpfHelper.RegistryIsExist(Microsoft.Win32.RegistryKey,System.String,System.String)">
            <summary>
            判断指定注册表项是否存在
            </summary>
            <param name="root"></param>
            <param name="subkey"></param>
            <param name="name"></param>
            <returns></returns>
        </member>
        <member name="M:UTH.Framework.Wpf.WpfHelper.SystemLog(System.String,System.Exception)">
            <summary>
            系统日志
            </summary>
            <param name="source"></param>
            <param name="ex"></param>
        </member>
        <member name="M:UTH.Framework.Wpf.WpfHelper.SystemLog(System.String,System.String)">
            <summary>
            系统日志
            </summary>
            <param name="source"></param>
            <param name="message"></param>
        </member>
        <member name="M:UTH.Framework.Wpf.WpfHelper.GetPrament``1(System.Windows.DependencyObject)">
            <summary>
            获取父窗体
            </summary>
            <typeparam name="T"></typeparam>
            <param name="reference"></param>
            <returns></returns>
        </member>
        <member name="M:UTH.Framework.Wpf.WpfHelper.ExcuteAction(System.Windows.Window,System.Action)">
            <summary>
            通知主线程去完成更新(执行方法)
            </summary>
            <param name="win"></param>
            <param name="action"></param>
        </member>
        <member name="M:UTH.Framework.Wpf.WpfHelper.ExcueUISynchronization(System.Threading.SendOrPostCallback,System.Object)">
            <summary>
            通知主线程去完成更新(执行方法)
            </summary>
            <param name="win"></param>
            <param name="action"></param>
        </member>
        <member name="M:UTH.Framework.Wpf.WpfHelper.AppError(System.Object,System.Windows.Threading.DispatcherUnhandledExceptionEventArgs,System.Action)">
            <summary>
            应用程序错误处理
            </summary>
            <param name="sender"></param>
            <param name="e"></param>
            <param name="action"></param>
        </member>
        <member name="M:UTH.Framework.Wpf.WpfHelper.AppUpdate(System.Version,UTH.Infrastructure.Utility.ApplicationModel,System.String)">
            <summary>
            启动更新程序
            </summary>
            <param name="updateExePath"></param>
        </member>
        <member name="M:UTH.Framework.Wpf.WpfHelper.GetViewModel``1">
            <summary>
            获取单例ViewModel
            </summary>
            <typeparam name="T"></typeparam>
            <returns></returns>
        </member>
        <member name="M:UTH.Framework.Wpf.WpfHelper.SignIn(System.String,System.Security.Principal.IPrincipal)">
            <summary>
            账号签入
            </summary>
            <param name="token"></param>
        </member>
        <member name="M:UTH.Framework.Wpf.WpfHelper.CheckAdministrator">
            <summary>
            检查是否是管理员身份
            </summary>
        </member>
        <member name="M:UTH.Framework.Wpf.WpfHelper.BitmapToImage(System.Drawing.Bitmap)">
            <summary>
            转图片
            </summary>
            <param name="bitmap"></param>
            <returns></returns>
        </member>
        <member name="M:UTH.Framework.Wpf.WpfHelper.BitmapToSource(System.Drawing.Bitmap)">
            <summary>
            转图片源
            </summary>
            <param name="bitmap"></param>
            <returns></returns>
        </member>
    </members>
</doc>
