<?xml version="1.0"?>
<doc>
    <assembly>
        <name>UTH.Framework.Wpf</name>
    </assembly>
    <members>
        <member name="T:UTH.Framework.Wpf.Pager">
            <summary>
            分页控件
            </summary>
        </member>
        <member name="P:UTH.Framework.Wpf.Pager.Current">
            <summary>
            当前页码
            </summary>
        </member>
        <member name="F:UTH.Framework.Wpf.Pager.CurrentProperty">
            <summary>
            Current依赖属性标识
            </summary>
        </member>
        <member name="F:UTH.Framework.Wpf.Pager.PageChangedEvent">
            <summary>
            Identifies the ValueChanged routed event.
            </summary>
        </member>
        <member name="E:UTH.Framework.Wpf.Pager.PageChanged">
            <summary>
            Occurs when the Value property changes.
            </summary>
        </member>
        <member name="T:UTH.Framework.Wpf.UTHPage">
            <summary>
            Page 基类
            </summary>
        </member>
        <member name="T:UTH.Framework.Wpf.UTHWindow">
            <summary>
            MahApps窗体基类
            </summary>
        </member>
        <member name="M:UTH.Framework.Wpf.UTHWindow.#ctor">
            <summary>
            构造函数
            </summary>
        </member>
        <member name="P:UTH.Framework.Wpf.UTHWindow.CloseAction">
            <summary>
            窗体关闭事件
            </summary>
        </member>
        <member name="T:UTH.Framework.Wpf.MvvmLightExtension">
            <summary>
            MvvmLight 扩展
            </summary>
        </member>
        <member name="T:UTH.Framework.Wpf.WpfAccessor">
            <summary>
            WPF访问者
            </summary>
        </member>
        <member name="P:UTH.Framework.Wpf.WpfAccessor.Culture">
            <summary>
            区域文化
            </summary>
        </member>
        <member name="P:UTH.Framework.Wpf.WpfAccessor.ClientIp">
            <summary>
            客户端地址
            </summary>
        </member>
        <member name="P:UTH.Framework.Wpf.WpfAccessor.AppCode">
            <summary>
            应用程序Code
            </summary>
        </member>
        <member name="P:UTH.Framework.Wpf.WpfAccessor.Token">
            <summary>
            访问Token
            </summary>
        </member>
        <member name="T:UTH.Framework.Wpf.UTHViewModel">
            <summary>
            ViewModel 基类
            </summary>
        </member>
        <member name="M:UTH.Framework.Wpf.UTHViewModel.#ctor(System.String,System.String)">
            <summary>
            构造函数
            </summary>
        </member>
        <member name="P:UTH.Framework.Wpf.UTHViewModel.Session">
            <summary>
            访问会话
            </summary>
        </member>
        <member name="P:UTH.Framework.Wpf.UTHViewModel.CurrentUser">
            <summary>
            访问会话
            </summary>
        </member>
        <member name="P:UTH.Framework.Wpf.UTHViewModel.DependencyObj">
            <summary>
            从属对象
            </summary>
        </member>
        <member name="M:UTH.Framework.Wpf.UTHViewModel.Configuration(System.Windows.DependencyObject)">
            <summary>
            设置视图Model
            </summary>
            <param name="obj"></param>
        </member>
        <member name="P:UTH.Framework.Wpf.UTHViewModel.Title">
            <summary>
            窗体标题
            </summary>
        </member>
        <member name="P:UTH.Framework.Wpf.UTHViewModel.Descript">
            <summary>
            描述信息
            </summary>
        </member>
        <member name="M:UTH.Framework.Wpf.UTHViewModel.Close(System.String)">
            <summary>
            关闭当前
            </summary>
            <param name="name"></param>
        </member>
        <member name="M:UTH.Framework.Wpf.UTHViewModel.MessageAlert(System.String,System.String,System.Windows.MessageBoxImage,System.Windows.Window,System.Action,System.Action)">
            <summary>
            弹出消息
            </summary>
            <param name="txt"></param>
            <param name="title"></param>
            <param name="img"></param>
            <param name="owner"></param>
            <param name="okAction"></param>
            <param name="cancelAction"></param>
        </member>
        <member name="P:UTH.Framework.Wpf.UTHViewModel.IsMask">
            <summary>
            是否显示遮罩
            </summary>
        </member>
        <member name="P:UTH.Framework.Wpf.UTHViewModel.MaskTip">
            <summary>
            遮罩层提示
            </summary>
        </member>
        <member name="M:UTH.Framework.Wpf.UTHViewModel.MaskShow(System.String,System.Int32)">
            <summary>
            是示Mask
            </summary>
            <param name="tip"></param>
            <param name="dialy"></param>
        </member>
        <member name="M:UTH.Framework.Wpf.UTHViewModel.MaskHide">
            <summary>
            隐藏Mask
            </summary>
        </member>
        <member name="T:UTH.Framework.Wpf.WpfHelper">
            <summary>
            WPF应用程序辅助类
            </summary>
        </member>
        <member name="M:UTH.Framework.Wpf.WpfHelper.SystemLog(System.String,System.Exception)">
            <summary>
            系统日志
            </summary>
            <param name="source"></param>
            <param name="ex"></param>
        </member>
        <member name="M:UTH.Framework.Wpf.WpfHelper.SystemLog(System.String,System.String)">
            <summary>
            系统日志
            </summary>
            <param name="source"></param>
            <param name="message"></param>
        </member>
        <member name="M:UTH.Framework.Wpf.WpfHelper.RegistryGet(Microsoft.Win32.RegistryKey,System.String,System.String)">
            <summary>
            读取指定名称的注册表的值
            </summary>
            <param name="root"></param>
            <param name="subkey"></param>
            <param name="name"></param>
            <returns></returns>
        </member>
        <member name="M:UTH.Framework.Wpf.WpfHelper.RegistrySet(Microsoft.Win32.RegistryKey,System.String,System.String,System.String)">
            <summary>
            向注册表中写数据
            </summary>
            <param name="root"></param>
            <param name="subkey"></param>
            <param name="name"></param>
            <param name="value"></param>
        </member>
        <member name="M:UTH.Framework.Wpf.WpfHelper.RegistryDelete(Microsoft.Win32.RegistryKey,System.String,System.String)">
            <summary>
            删除注册表中指定的注册表项
            </summary>
            <param name="root"></param>
            <param name="subkey"></param>
            <param name="name"></param>
        </member>
        <member name="M:UTH.Framework.Wpf.WpfHelper.RegistryIsExist(Microsoft.Win32.RegistryKey,System.String,System.String)">
            <summary>
            判断指定注册表项是否存在
            </summary>
            <param name="root"></param>
            <param name="subkey"></param>
            <param name="name"></param>
            <returns></returns>
        </member>
        <member name="M:UTH.Framework.Wpf.WpfHelper.GetParent``1(System.Windows.DependencyObject)">
            <summary>
            获取父对象
            </summary>
            <typeparam name="T"></typeparam>
            <param name="reference"></param>
            <returns></returns>
        </member>
        <member name="M:UTH.Framework.Wpf.WpfHelper.GetParent(System.Windows.DependencyObject)">
            <summary>
            获取父窗体
            </summary>
            <param name="reference"></param>
            <returns></returns>
        </member>
        <member name="M:UTH.Framework.Wpf.WpfHelper.Message(System.String,System.String,System.Action,System.Windows.Window)">
            <summary>
            弹出消息
            </summary>
            <param name="msg"></param>
            <param name="title"></param>
            <param name="action"></param>
            <param name="owner"></param>
        </member>
        <member name="M:UTH.Framework.Wpf.WpfHelper.Success(System.String,System.String,System.Action,System.Windows.Window)">
            <summary>
            弹出成功信息
            </summary>
            <param name="msg"></param>
            <param name="title"></param>
            <param name="action"></param>
            <param name="owner"></param>
        </member>
        <member name="M:UTH.Framework.Wpf.WpfHelper.Error(System.String,System.String,System.Action,System.Windows.Window)">
            <summary>
            弹出错误信息
            </summary>
            <param name="msg"></param>
            <param name="title"></param>
            <param name="action"></param>
            <param name="owner"></param>
        </member>
        <member name="M:UTH.Framework.Wpf.WpfHelper.Confirm(System.String,System.String,System.Action,System.Action,System.Windows.Window)">
            <summary>
            弹出确认框
            </summary>
            <param name="msg"></param>
            <param name="title"></param>
            <param name="okAction"></param>
            <param name="cancelAction"></param>
            <param name="owner"></param>
        </member>
        <member name="M:UTH.Framework.Wpf.WpfHelper.ExcuteUI(System.Action)">
            <summary>
            通知主线程去完成更新(执行方法)
            </summary>
            <param name="action"></param>
        </member>
        <member name="M:UTH.Framework.Wpf.WpfHelper.ExcueUISynchronization(System.Threading.SendOrPostCallback,System.Object)">
            <summary>
            通知主线程去完成更新(执行方法)
            </summary>
            <param name="call"></param>
            <param name="data"></param>
        </member>
        <member name="M:UTH.Framework.Wpf.WpfHelper.ExcuteAction(System.Windows.Window,System.Action)">
            <summary>
            通知主线程去完成更新(执行方法)
            </summary>
            <param name="win"></param>
            <param name="action"></param>
        </member>
        <member name="M:UTH.Framework.Wpf.WpfHelper.GetViewModel``1">
            <summary>
            获取单例ViewModel
            </summary>
            <typeparam name="T"></typeparam>
            <returns></returns>
        </member>
        <member name="M:UTH.Framework.Wpf.WpfHelper.BitmapToImage(System.Drawing.Bitmap)">
            <summary>
            转图片
            </summary>
            <param name="bitmap"></param>
            <returns></returns>
        </member>
        <member name="M:UTH.Framework.Wpf.WpfHelper.BitmapToSource(System.Drawing.Bitmap)">
            <summary>
            转图片源
            </summary>
            <param name="bitmap"></param>
            <returns></returns>
        </member>
        <member name="M:UTH.Framework.Wpf.WpfHelper.AppIsOnlyRun">
            <summary>
            应用程序(当前运行)仅能运行一个进程
            </summary>
        </member>
        <member name="M:UTH.Framework.Wpf.WpfHelper.AppError(System.Object,System.Windows.Threading.DispatcherUnhandledExceptionEventArgs,System.Action)">
            <summary>
            应用程序错误处理
            </summary>
            <param name="sender"></param>
            <param name="e"></param>
            <param name="action"></param>
        </member>
        <member name="M:UTH.Framework.Wpf.WpfHelper.AppUpdate(System.Version,UTH.Infrastructure.Utility.ApplicationModel,System.String,System.String,System.Int32[])">
            <summary>
            启动更新程序
            </summary>
            <param name="version">当前版本</param>
            <param name="model">最新版本</param>
            <param name="appPath">应用程序目录</param>
            <param name="toolPath">更新工具目录</param>
            <param name="processIds">要删除的进程Id</param>
        </member>
        <member name="M:UTH.Framework.Wpf.WpfHelper.AppServerStart(System.String,System.String,UTH.Framework.Wpf.IServerMarshalByRefObject,System.Boolean,System.Action{System.Int32,System.Int32})">
            <summary>
            应用服务启动
            </summary>
            <param name="serverName"></param>
            <param name="serverPath"></param>
            <param name="serverObj"></param>
            <param name="isOnly"></param>
            <param name="startAction"></param>
        </member>
        <member name="M:UTH.Framework.Wpf.WpfHelper.AppServerClose(System.String)">
            <summary>
            应用服务关闭
            </summary>
            <param name="serverName"></param>
        </member>
        <member name="M:UTH.Framework.Wpf.WpfHelper.SignIn(System.String,System.Security.Principal.IPrincipal)">
            <summary>
            账号签入
            </summary>
            <param name="token"></param>
            <param name="principal"></param>
        </member>
        <member name="M:UTH.Framework.Wpf.WpfHelper.CheckAdministrator">
            <summary>
            检查是否是管理员身份
            </summary>
        </member>
        <member name="T:UTH.Framework.Wpf.IServerMarshalByRefObject">
            <summary>
            远程服务对象接口
            </summary>
        </member>
        <member name="P:UTH.Framework.Wpf.IServerMarshalByRefObject.IsConnection">
            <summary>
            是否连接
            </summary>
        </member>
    </members>
</doc>
