<?xml version="1.0"?>
<doc>
    <assembly>
        <name>UTH.Domain</name>
    </assembly>
    <members>
        <member name="T:UTH.Domain.IAppApplication">
            <summary>
            应用程序应用服务接口
            </summary>
        </member>
        <member name="T:UTH.Domain.IAppVersionApplication">
            <summary>
            应用版本应用服务接口
            </summary>
        </member>
        <member name="T:UTH.Domain.IAssetsApplication">
            <summary>
            资源应用服务接口
            </summary>
        </member>
        <member name="T:UTH.Domain.IDictionaryApplication">
            <summary>
            数据字典应用服务接口
            </summary>
        </member>
        <member name="T:UTH.Domain.INavigationApplication">
            <summary>
            导航权限应用服务接口
            </summary>
        </member>
        <member name="T:UTH.Domain.IOperateApplication">
            <summary>
            操作权限应用服务接口
            </summary>
        </member>
        <member name="T:UTH.Domain.AppDTO">
            <summary>
            应用程序基本信息(DTO)
            </summary>
        </member>
        <member name="P:UTH.Domain.AppDTO.Id">
            <summary>
            Id
            </summary>
        </member>
        <member name="P:UTH.Domain.AppDTO.Ids">
            <summary>
            Ids
            </summary>
        </member>
        <member name="P:UTH.Domain.AppDTO.AppType">
            <summary>
            应用类型
            </summary>
        </member>
        <member name="P:UTH.Domain.AppDTO.Name">
            <summary>
            名称
            </summary>
        </member>
        <member name="P:UTH.Domain.AppDTO.Code">
            <summary>
            应用编码
            </summary>
        </member>
        <member name="P:UTH.Domain.AppDTO.Key">
            <summary>
            应用Key
            </summary>
        </member>
        <member name="P:UTH.Domain.AppDTO.Secret">
            <summary>
            应用密钥
            </summary>
        </member>
        <member name="P:UTH.Domain.AppDTO.AppTypeName">
            <summary>
            应用类型名称
            </summary>
        </member>
        <member name="T:UTH.Domain.AppEditInput">
            <summary>
            应用程序输入
            </summary>
        </member>
        <member name="T:UTH.Domain.AppEditInputValidator">
            <summary>
            应用程序输入校验
            </summary>
        </member>
        <member name="T:UTH.Domain.AppQuery">
            <summary>
            应用程序查询信息
            </summary>
        </member>
        <member name="P:UTH.Domain.AppQuery.Search">
            <summary>
            搜索关键字
            </summary>
        </member>
        <member name="T:UTH.Domain.AppVersionDTO">
            <summary>
            应用版本基本信息(DTO)
            </summary>
        </member>
        <member name="P:UTH.Domain.AppVersionDTO.Id">
            <summary>
            Id
            </summary>
        </member>
        <member name="P:UTH.Domain.AppVersionDTO.Ids">
            <summary>
            Ids
            </summary>
        </member>
        <member name="P:UTH.Domain.AppVersionDTO.AppId">
            <summary>
            应用ID
            </summary>
        </member>
        <member name="P:UTH.Domain.AppVersionDTO.No">
            <summary>
            版本信息
            </summary>
        </member>
        <member name="P:UTH.Domain.AppVersionDTO.Descript">
            <summary>
            版本描述
            </summary>
        </member>
        <member name="P:UTH.Domain.AppVersionDTO.FileSize">
            <summary>
            版本大小(KB)
            </summary>
        </member>
        <member name="P:UTH.Domain.AppVersionDTO.FileAddress">
            <summary>
            文件地址
            </summary>
        </member>
        <member name="P:UTH.Domain.AppVersionDTO.FileMd5">
            <summary>
            文件MD5(用于校验)
            </summary>
        </member>
        <member name="P:UTH.Domain.AppVersionDTO.FileName">
            <summary>
            文件名称
            </summary>
        </member>
        <member name="P:UTH.Domain.AppVersionDTO.ReleaseDt">
            <summary>
            发布时间
            </summary>
        </member>
        <member name="P:UTH.Domain.AppVersionDTO.UpdateType">
            <summary>
            更新类型
            </summary>
        </member>
        <member name="T:UTH.Domain.AppVersionEditInput">
            <summary>
            应用版本输入
            </summary>
        </member>
        <member name="T:UTH.Domain.AppVersionEditInputValidator">
            <summary>
            应用版本输入校验
            </summary>
        </member>
        <member name="T:UTH.Domain.AssetsDTO">
            <summary>
            资源基本信息(DTO)
            </summary>
        </member>
        <member name="P:UTH.Domain.AssetsDTO.Id">
            <summary>
            Id
            </summary>
        </member>
        <member name="P:UTH.Domain.AssetsDTO.Ids">
            <summary>
            Ids
            </summary>
        </member>
        <member name="P:UTH.Domain.AssetsDTO.AssetsType">
            <summary>
            资源类型
            </summary>
        </member>
        <member name="P:UTH.Domain.AssetsDTO.Name">
            <summary>
            资源名称
            </summary>
        </member>
        <member name="P:UTH.Domain.AssetsDTO.MD5">
            <summary>
            资源描述
            </summary>
        </member>
        <member name="T:UTH.Domain.AssetsEditInput">
            <summary>
            资源输入
            </summary>
        </member>
        <member name="T:UTH.Domain.AssetsEditInputValidator">
            <summary>
            资源输入校验
            </summary>
        </member>
        <member name="T:UTH.Domain.DictionaryDTO">
            <summary>
            数据字典基本信息(DTO)
            </summary>
        </member>
        <member name="P:UTH.Domain.DictionaryDTO.Id">
            <summary>
            Id
            </summary>
        </member>
        <member name="P:UTH.Domain.DictionaryDTO.Ids">
            <summary>
            Ids
            </summary>
        </member>
        <member name="P:UTH.Domain.DictionaryDTO.Category">
            <summary>
            所属分类
            </summary>
        </member>
        <member name="P:UTH.Domain.DictionaryDTO.Name">
            <summary>
            名称
            </summary>
        </member>
        <member name="P:UTH.Domain.DictionaryDTO.Value">
            <summary>
            值
            </summary>
        </member>
        <member name="P:UTH.Domain.DictionaryDTO.Parent">
            <summary>
            父值
            </summary>
        </member>
        <member name="P:UTH.Domain.DictionaryDTO.Relation">
            <summary>
            关联值
            </summary>
        </member>
        <member name="P:UTH.Domain.DictionaryDTO.Sort">
            <summary>
            序号
            </summary>
        </member>
        <member name="T:UTH.Domain.DictionaryEditInput">
            <summary>
            数据字典输入
            </summary>
        </member>
        <member name="T:UTH.Domain.DictionaryEditInputValidator">
            <summary>
            数据字典输入校验
            </summary>
        </member>
        <member name="T:UTH.Domain.NavigationDTO">
            <summary>
            导航权限基本信息(DTO)
            </summary>
        </member>
        <member name="P:UTH.Domain.NavigationDTO.Id">
            <summary>
            Id
            </summary>
        </member>
        <member name="P:UTH.Domain.NavigationDTO.Ids">
            <summary>
            Ids
            </summary>
        </member>
        <member name="P:UTH.Domain.NavigationDTO.Category">
            <summary>
            字典分类
            </summary>
        </member>
        <member name="P:UTH.Domain.NavigationDTO.Name">
            <summary>
            名称
            </summary>
        </member>
        <member name="P:UTH.Domain.NavigationDTO.Value">
            <summary>
            值
            </summary>
        </member>
        <member name="P:UTH.Domain.NavigationDTO.Parent">
            <summary>
            父值
            </summary>
        </member>
        <member name="P:UTH.Domain.NavigationDTO.Relation">
            <summary>
            关联值
            </summary>
        </member>
        <member name="P:UTH.Domain.NavigationDTO.Sort">
            <summary>
            序号
            </summary>
        </member>
        <member name="T:UTH.Domain.NavigationEditInput">
            <summary>
            导航权限输入
            </summary>
        </member>
        <member name="T:UTH.Domain.NavigationEditInputValidator">
            <summary>
            导航权限输入校验
            </summary>
        </member>
        <member name="T:UTH.Domain.OperateDTO">
            <summary>
            操作权限基本信息(DTO)
            </summary>
        </member>
        <member name="P:UTH.Domain.OperateDTO.Id">
            <summary>
            Id
            </summary>
        </member>
        <member name="P:UTH.Domain.OperateDTO.Ids">
            <summary>
            Ids
            </summary>
        </member>
        <member name="P:UTH.Domain.OperateDTO.Category">
            <summary>
            字典分类
            </summary>
        </member>
        <member name="P:UTH.Domain.OperateDTO.Name">
            <summary>
            名称
            </summary>
        </member>
        <member name="P:UTH.Domain.OperateDTO.Value">
            <summary>
            值
            </summary>
        </member>
        <member name="P:UTH.Domain.OperateDTO.Parent">
            <summary>
            父值
            </summary>
        </member>
        <member name="P:UTH.Domain.OperateDTO.Relation">
            <summary>
            关联值
            </summary>
        </member>
        <member name="P:UTH.Domain.OperateDTO.Sort">
            <summary>
            序号
            </summary>
        </member>
        <member name="T:UTH.Domain.OperateEditInput">
            <summary>
            操作权限输入
            </summary>
        </member>
        <member name="T:UTH.Domain.OperateEditInputValidator">
            <summary>
            操作权限输入校验
            </summary>
        </member>
        <member name="T:UTH.Domain.DictionaryCategorys">
            <summary>
            数据字典分类Code
            </summary>
        </member>
        <member name="T:UTH.Domain.DictionaryCodes">
            <summary>
            数据字典Code
            </summary>
        </member>
        <member name="T:UTH.Domain.EnumActionType">
            <summary>
            操作类型
            </summary>
        </member>
        <member name="T:UTH.Domain.EnumOperateType">
            <summary>
            操作类型
            </summary>
        </member>
        <member name="T:UTH.Domain.IAppRepository">
            <summary>
            应用程序仓储接口
            </summary>
        </member>
        <member name="T:UTH.Domain.IAppDomainService">
            <summary>
            应用程序领域服务接口
            </summary>
        </member>
        <member name="T:UTH.Domain.AppValidator`1">
            <summary>
            应用程序校验规则
            </summary>
            <typeparam name="T"></typeparam>
        </member>
        <member name="T:UTH.Domain.AssetsValidator`1">
            <summary>
            源资校验
            </summary>
            <typeparam name="T"></typeparam>
        </member>
        <member name="T:UTH.Domain.DictionaryValidator`1">
            <summary>
            数据字典校验
            </summary>
            <typeparam name="T"></typeparam>
        </member>
        <member name="T:UTH.Domain.NavigationValidator`1">
            <summary>
            导航权限校验
            </summary>
            <typeparam name="T"></typeparam>
        </member>
        <member name="T:UTH.Domain.OperateValidator`1">
            <summary>
            操作权限校验
            </summary>
            <typeparam name="T"></typeparam>
        </member>
        <member name="T:UTH.Domain.ICaptchaApplication">
            <summary>
            验证码应用服务接口
            </summary>
        </member>
        <member name="M:UTH.Domain.ICaptchaApplication.Send(UTH.Domain.CaptchaInput)">
            <summary>
            验证码发送
            </summary>
        </member>
        <member name="M:UTH.Domain.ICaptchaApplication.Verify(UTH.Domain.CaptchaInput)">
            <summary>
            验证码校验
            </summary>
        </member>
        <member name="T:UTH.Domain.INotifyApplication">
            <summary>
            通知消息业务接口
            </summary>
        </member>
        <member name="M:UTH.Domain.INotifyApplication.Send(UTH.Domain.NotifyInput)">
            <summary>
            通知发送
            </summary>
        </member>
        <member name="T:UTH.Domain.ICaptchaInterceptor">
            <summary>
            验证码Aop业务接口
            </summary>
        </member>
        <member name="T:UTH.Domain.INotifyInterceptor">
            <summary>
            消息通知Aop业务接口
            </summary>
        </member>
        <member name="T:UTH.Domain.CaptchaAttribute">
            <summary>
            验证码校验 属性
            </summary>
        </member>
        <member name="P:UTH.Domain.CaptchaAttribute.Category">
            <summary>
            验证码类别
            </summary>
        </member>
        <member name="P:UTH.Domain.CaptchaAttribute.Mode">
            <summary>
            验证方式
            </summary>
        </member>
        <member name="P:UTH.Domain.CaptchaAttribute.Operates">
            <summary>
            操作列表
            </summary>
        </member>
        <member name="P:UTH.Domain.CaptchaAttribute.IsMust">
            <summary>
            判断input tag 及 code 为 空 '' 时，是否校验
            </summary>
        </member>
        <member name="P:UTH.Domain.CaptchaAttribute.Content">
            <summary>
            自定义内容
            </summary>
        </member>
        <member name="T:UTH.Domain.NotifyAttribute">
            <summary>
            通知消息 属性
            </summary>
        </member>
        <member name="P:UTH.Domain.NotifyAttribute.Category">
            <summary>
            通知类型
            </summary>
        </member>
        <member name="P:UTH.Domain.NotifyAttribute.Mode">
            <summary>
            通知方式
            </summary>
        </member>
        <member name="P:UTH.Domain.NotifyAttribute.Content">
            <summary>
            自定义内容
            </summary>
        </member>
        <member name="T:UTH.Domain.CaptchaInput">
            <summary>
            验证码信息基类
            </summary>
        </member>
        <member name="P:UTH.Domain.CaptchaInput.Category">
            <summary>
            验证码类别
            </summary>
        </member>
        <member name="P:UTH.Domain.CaptchaInput.Mode">
            <summary>
            验证方式
            </summary>
        </member>
        <member name="P:UTH.Domain.CaptchaInput.Key">
            <summary>
            标识
            </summary>
        </member>
        <member name="P:UTH.Domain.CaptchaInput.Receiver">
            <summary>
            接收者
            </summary>
        </member>
        <member name="P:UTH.Domain.CaptchaInput.Code">
            <summary>
            验证码
            </summary>
        </member>
        <member name="P:UTH.Domain.CaptchaInput.Length">
            <summary>
            验证码长度
            </summary>
        </member>
        <member name="T:UTH.Domain.CaptchaOutput">
            <summary>
            验证码返回
            </summary>
        </member>
        <member name="T:UTH.Domain.ICaptchaVerifyInput">
            <summary>
            验证码校验输入接口
            </summary>
        </member>
        <member name="P:UTH.Domain.ICaptchaVerifyInput.ImgCode">
            <summary>
            图片验证码
            </summary>
        </member>
        <member name="P:UTH.Domain.ICaptchaVerifyInput.ImgCodeKey">
            <summary>
            图片验证码标识
            </summary>
        </member>
        <!-- 对于成员“P:UTH.Domain.ICaptchaVerifyInput.Mobile”忽略有格式错误的 XML 注释 -->
        <!-- 对于成员“P:UTH.Domain.ICaptchaVerifyInput.SmsCodeKey”忽略有格式错误的 XML 注释 -->
        <!-- 对于成员“P:UTH.Domain.ICaptchaVerifyInput.SmsCode”忽略有格式错误的 XML 注释 -->
        <member name="T:UTH.Domain.NotifyInput">
            <summary>
            通知信息基类
            </summary>
        </member>
        <member name="T:UTH.Domain.NotifyOutput">
            <summary>
            通知信息返回基类
            </summary>
        </member>
        <member name="T:UTH.Domain.EnumCaptchaCategory">
            <summary>
            验证码类别
            </summary>
        </member>
        <member name="T:UTH.Domain.EnumCaptchaMode">
            <summary>
            验证方式
            </summary>
        </member>
        <member name="F:UTH.Domain.EnumCaptchaMode.Text">
            <summary>
            验证编码
            </summary>
        </member>
        <member name="F:UTH.Domain.EnumCaptchaMode.Image">
            <summary>
            验证图片
            </summary>
        </member>
        <member name="F:UTH.Domain.EnumCaptchaMode.Sms">
            <summary>
            短信验证
            </summary>
        </member>
        <member name="F:UTH.Domain.EnumCaptchaMode.Email">
            <summary>
            邮件验证
            </summary>
        </member>
        <member name="F:UTH.Domain.EnumCaptchaMode.Voice">
            <summary>
            语音验证
            </summary>
        </member>
        <member name="T:UTH.Domain.EnumNotifyCategory">
            <summary>
            通知分类
            </summary>
        </member>
        <member name="T:UTH.Domain.EnumNotifyMode">
            <summary>
            通知方式
            </summary>
        </member>
        <member name="T:UTH.Domain.EnumSecurityCodeType">
            <summary>
            安全码类型
            </summary>
        </member>
        <member name="T:UTH.Domain.NotifyModel">
            <summary>
            通知信息
            </summary>
        </member>
        <member name="P:UTH.Domain.NotifyModel.Id">
            <summary>
            标识
            </summary>
        </member>
        <member name="P:UTH.Domain.NotifyModel.Category">
            <summary>
            分类
            </summary>
        </member>
        <member name="P:UTH.Domain.NotifyModel.Type">
            <summary>
            类型
            </summary>
        </member>
        <member name="P:UTH.Domain.NotifyModel.Content">
            <summary>
            内容
            </summary>
        </member>
        <member name="P:UTH.Domain.NotifyModel.IsRead">
            <summary>
            已读
            </summary>
        </member>
        <member name="T:UTH.Domain.SecurityCodeModel">
            <summary>
            安全码信息
            </summary>
        </member>
        <member name="P:UTH.Domain.SecurityCodeModel.Key">
            <summary>
            KEY
            </summary>
        </member>
        <member name="P:UTH.Domain.SecurityCodeModel.Code">
            <summary>
            码值
            </summary>
        </member>
        <member name="T:UTH.Domain.INotifyService">
            <summary>
            通知领域服务接口
            </summary>
        </member>
        <member name="M:UTH.Domain.INotifyService.Send(UTH.Domain.EnumNotifyCategory,UTH.Domain.EnumNotifyMode,System.String,System.String,System.String)">
            <summary>
            通知发送
            </summary>
        </member>
        <member name="T:UTH.Domain.ISecurityCodeService">
            <summary>
            安全码领域服务接口
            </summary>
        </member>
        <member name="M:UTH.Domain.ISecurityCodeService.Get(UTH.Domain.EnumSecurityCodeType,System.Int32,System.String,System.Int64)">
            <summary>
            获取安全码
            </summary>
            <param name="type"></param>
            <param name="key"></param>
            <param name="expire"></param>
            <param name="length"></param>
            <returns></returns>
        </member>
        <member name="M:UTH.Domain.ISecurityCodeService.Verify(UTH.Domain.EnumSecurityCodeType,System.String,System.String)">
            <summary>
            校验安全码
            </summary>
            <param name="type"></param>
            <param name="key"></param>
            <param name="code"></param>
            <returns></returns>
        </member>
        <member name="M:UTH.Domain.ISecurityCodeService.Remove(UTH.Domain.EnumSecurityCodeType,System.String)">
            <summary>
            移除安全码
            </summary>
            <param name="type"></param>
            <param name="key"></param>
        </member>
        <member name="T:UTH.Domain.DomainConfiguration">
            <summary>
            领域业务配置
            </summary>
        </member>
        <member name="P:UTH.Domain.DomainConfiguration.Options">
            <summary>
            领域默认配置
            </summary>
        </member>
        <member name="M:UTH.Domain.DomainConfiguration.Initialize(System.Action{UTH.Framework.DomainOptions})">
            <summary>
            领域业务服务配置初始操作
            </summary>
        </member>
        <member name="T:UTH.Domain.IMeetingProfileApplication">
            <summary>
            会议账号配置应用服务接口
            </summary>
        </member>
        <member name="M:UTH.Domain.IMeetingProfileApplication.GetLoginAccountProfile">
            <summary>
            获取当前登录账号(Session)配置,如不存在创建
            </summary>
            <returns></returns>
        </member>
        <member name="M:UTH.Domain.IMeetingProfileApplication.SaveLoginAccountProfile(UTH.Domain.MeetingProfileEditInput)">
            <summary>
            保存当前登录账号(Session)配置
            </summary>
            <returns></returns>
        </member>
        <member name="T:UTH.Domain.IMeetingRecordApplication">
            <summary>
            会议记录应用服务接口
            </summary>
        </member>
        <member name="M:UTH.Domain.IMeetingRecordApplication.Create(UTH.Domain.MeetingSyncModel)">
            <summary>
            创建会议记录
            </summary>
            <param name="input"></param>
            <returns>返回同步数所有(会议记录+翻译列表)</returns>
        </member>
        <member name="M:UTH.Domain.IMeetingRecordApplication.Add(UTH.Domain.MeetingRecordEditInput)">
            <summary>
            添加会议记录(含翻译记录)
            </summary>
            <param name="input"></param>
            <returns></returns>
        </member>
        <member name="T:UTH.Domain.IMeetingApplication">
            <summary>
            会议信息应用服务接口
            </summary>
        </member>
        <member name="M:UTH.Domain.IMeetingApplication.GetByCode(UTH.Domain.MeetingEditInput)">
            <summary>
            根据Code获取会议信息
            </summary>
            <param name="code"></param>
            <returns></returns>
        </member>
        <member name="M:UTH.Domain.IMeetingApplication.SyncQuery(UTH.Domain.MeetingSyncInput)">
            <summary>
            获取同步数据
            </summary>
            <param name="input"></param>
            <returns></returns>
        </member>
        <member name="T:UTH.Domain.IMeetingTranslationApplication">
            <summary>
            会议翻译应用服务接口
            </summary>
        </member>
        <member name="T:UTH.Domain.MeetingDTO">
            <summary>
            会议基本信息(DTO)
            </summary>
        </member>
        <member name="P:UTH.Domain.MeetingDTO.Id">
            <summary>
            Id
            </summary>
        </member>
        <member name="P:UTH.Domain.MeetingDTO.Ids">
            <summary>
            Ids
            </summary>
        </member>
        <member name="P:UTH.Domain.MeetingDTO.Num">
            <summary>
            会议编号
            </summary>
        </member>
        <member name="P:UTH.Domain.MeetingDTO.Name">
            <summary>
            会议名称
            </summary>
        </member>
        <member name="P:UTH.Domain.MeetingDTO.Descript">
            <summary>
            会议描述
            </summary>
        </member>
        <member name="P:UTH.Domain.MeetingDTO.Setting">
            <summary>
            会议配置JSON
            </summary>
        </member>
        <member name="T:UTH.Domain.MeetingEditInput">
            <summary>
            会议输入
            </summary>
        </member>
        <member name="T:UTH.Domain.MeetingEditInputValidator">
            <summary>
            会议输入校验
            </summary>
        </member>
        <member name="T:UTH.Domain.MeetingSyncInput">
            <summary>
            同步操作输入参数
            </summary>
        </member>
        <member name="P:UTH.Domain.MeetingSyncInput.Ids">
            <summary>
            Ids
            </summary>
        </member>
        <member name="P:UTH.Domain.MeetingSyncInput.Top">
            <summary>
            读取数量
            </summary>
        </member>
        <member name="P:UTH.Domain.MeetingSyncInput.MeetingId">
            <summary>
            所属会议
            </summary>
        </member>
        <member name="P:UTH.Domain.MeetingSyncInput.Direction">
            <summary>
            方向（向前/pre:加载历义记录,向后/next:加载最新记录）
            </summary>
        </member>
        <member name="P:UTH.Domain.MeetingSyncInput.RecordDt">
            <summary>
            会议记录同步时间
            </summary>
        </member>
        <member name="P:UTH.Domain.MeetingSyncInput.TranslationDt">
            <summary>
            翻译记录同步时间
            </summary>
        </member>
        <member name="T:UTH.Domain.MeetingSyncModel">
            <summary>
            会议系统同步信息
            </summary>
        </member>
        <member name="P:UTH.Domain.MeetingSyncModel.MeetingId">
            <summary>
            会议Id
            </summary>
        </member>
        <member name="P:UTH.Domain.MeetingSyncModel.LocalId">
            <summary>
            本地Key
            </summary>
        </member>
        <member name="P:UTH.Domain.MeetingSyncModel.RecordId">
            <summary>
            会议记录Id
            </summary>
        </member>
        <member name="P:UTH.Domain.MeetingSyncModel.TranslationId">
            <summary>
            翻译信息Id
            </summary>
        </member>
        <member name="P:UTH.Domain.MeetingSyncModel.Langue">
            <summary>
            语言
            </summary>
        </member>
        <member name="P:UTH.Domain.MeetingSyncModel.LangueTrs">
            <summary>
            翻译语言以'|'分割
            </summary>
        </member>
        <member name="P:UTH.Domain.MeetingSyncModel.Content">
            <summary>
            内容
            </summary>
        </member>
        <member name="P:UTH.Domain.MeetingSyncModel.Sort">
            <summary>
            序号
            </summary>
        </member>
        <member name="P:UTH.Domain.MeetingSyncModel.LastDt">
            <summary>
            最后数据时间
            </summary>
        </member>
        <member name="P:UTH.Domain.MeetingSyncModel.RefreshDt">
            <summary>
            刷新时间(拼接为句子)
            </summary>
        </member>
        <member name="P:UTH.Domain.MeetingSyncModel.Message">
            <summary>
            同步提示信息
            </summary>
        </member>
        <member name="P:UTH.Domain.MeetingSyncModel.SyncType">
            <summary>
            同步类型
            -1、0、本地识别记录(-1，句子未完成，0完成)
            1: 会议记录
            2：翻译数据
            </summary>
        </member>
        <member name="T:UTH.Domain.MeetingSyncOutput">
            <summary>
            会议系统同步返回
            </summary>
        </member>
        <member name="P:UTH.Domain.MeetingSyncOutput.Records">
            <summary>
            会议记录
            </summary>
        </member>
        <member name="P:UTH.Domain.MeetingSyncOutput.Translations">
            <summary>
            翻译记录
            </summary>
        </member>
        <member name="T:UTH.Domain.MeetingProfileDTO">
            <summary>
            会议账号配置基本信息(DTO)
            </summary>
        </member>
        <member name="P:UTH.Domain.MeetingProfileDTO.Id">
            <summary>
            Id
            </summary>
        </member>
        <member name="P:UTH.Domain.MeetingProfileDTO.Ids">
            <summary>
            Ids
            </summary>
        </member>
        <member name="P:UTH.Domain.MeetingProfileDTO.AccountId">
            <summary>
            所属账号
            </summary>
        </member>
        <member name="P:UTH.Domain.MeetingProfileDTO.SourceLang">
            <summary>
            源语言
            </summary>
        </member>
        <member name="P:UTH.Domain.MeetingProfileDTO.TargetLangs">
            <summary>
            目标语言
            </summary>
        </member>
        <member name="P:UTH.Domain.MeetingProfileDTO.Speed">
            <summary>
            语速
            </summary>
        </member>
        <member name="P:UTH.Domain.MeetingProfileDTO.FontSize">
            <summary>
            字体大小
            </summary>
        </member>
        <member name="T:UTH.Domain.MeetingProfileEditInput">
            <summary>
            会议输入
            </summary>
        </member>
        <member name="P:UTH.Domain.MeetingProfileEditInput.MeetingId">
            <summary>
            当前所处会议ID(将同步更新所在会议配置) 
            </summary>
        </member>
        <member name="T:UTH.Domain.MeetingProfileEditInputValidator">
            <summary>
            会议输入校验
            </summary>
        </member>
        <member name="T:UTH.Domain.MeetingRecordDTO">
            <summary>
            会议记录信息
            </summary>
        </member>
        <member name="P:UTH.Domain.MeetingRecordDTO.Id">
            <summary>
            Id
            </summary>
        </member>
        <member name="P:UTH.Domain.MeetingRecordDTO.Ids">
            <summary>
            Ids
            </summary>
        </member>
        <member name="P:UTH.Domain.MeetingRecordDTO.MeetingId">
            <summary>
            会议Id
            </summary>
        </member>
        <member name="P:UTH.Domain.MeetingRecordDTO.Langue">
            <summary>
            语言
            </summary>
        </member>
        <member name="P:UTH.Domain.MeetingRecordDTO.LangueTrs">
            <summary>
            翻译语言以'|'分割
            </summary>
        </member>
        <member name="P:UTH.Domain.MeetingRecordDTO.Content">
            <summary>
            内容
            </summary>
        </member>
        <member name="P:UTH.Domain.MeetingRecordDTO.LocalId">
            <summary>
            本地Id
            </summary>
        </member>
        <member name="P:UTH.Domain.MeetingRecordDTO.Sort">
            <summary>
            序号
            </summary>
        </member>
        <member name="P:UTH.Domain.MeetingRecordDTO.Translations">
            <summary>
            翻译
            </summary>
        </member>
        <member name="T:UTH.Domain.MeetingRecordEditInput">
            <summary>
            会议记录输入
            </summary>
        </member>
        <member name="T:UTH.Domain.MeetingRecordEditInputValidator">
            <summary>
            会议记录输入校验
            </summary>
        </member>
        <member name="T:UTH.Domain.MeetingRecordOutput">
            <summary>
            会议记录输出信息
            </summary>
        </member>
        <member name="P:UTH.Domain.MeetingRecordOutput.Translations">
            <summary>
            翻译记录
            </summary>
        </member>
        <member name="T:UTH.Domain.MeetingTranslationDTO">
            <summary>
            会议翻译信息
            </summary>
        </member>
        <member name="P:UTH.Domain.MeetingTranslationDTO.Id">
            <summary>
            Id
            </summary>
        </member>
        <member name="P:UTH.Domain.MeetingTranslationDTO.Ids">
            <summary>
            Ids
            </summary>
        </member>
        <member name="P:UTH.Domain.MeetingTranslationDTO.MeetingId">
            <summary>
            会议Id
            </summary>
        </member>
        <member name="P:UTH.Domain.MeetingTranslationDTO.RecordId">
            <summary>
            记录ID
            </summary>
        </member>
        <member name="P:UTH.Domain.MeetingTranslationDTO.Langue">
            <summary>
            语言
            </summary>
        </member>
        <member name="P:UTH.Domain.MeetingTranslationDTO.Content">
            <summary>
            内容
            </summary>
        </member>
        <member name="P:UTH.Domain.MeetingTranslationDTO.Sort">
            <summary>
            序号
            </summary>
        </member>
        <member name="T:UTH.Domain.MeetingTranslationEditInput">
            <summary>
            会议翻译输入
            </summary>
        </member>
        <member name="T:UTH.Domain.MeetingTranslationEditInputValidator">
            <summary>
            会议翻译输入校验
            </summary>
        </member>
        <member name="T:UTH.Domain.MeetingDomainProfile">
            <summary>
            会议领域配置文件
            </summary>
        </member>
        <member name="M:UTH.Domain.MeetingDomainProfile.Configuration">
            <summary>
            领域配置
            </summary>
        </member>
        <member name="M:UTH.Domain.MeetingDomainProfile.Mapper(AutoMapper.IMapperConfigurationExpression)">
            <summary>
            对象映射
            </summary>
            <param name="config"></param>
        </member>
        <member name="T:UTH.Domain.MeetingSettingModel">
            <summary>
            会议配置信息信息(DTO/JSON)
            </summary>
        </member>
        <member name="P:UTH.Domain.MeetingSettingModel.Speed">
            <summary>
            语速(高：10 中:5  低:1)
            </summary>
        </member>
        <member name="P:UTH.Domain.MeetingSettingModel.Rate">
            <summary>
            采样率，固定值 8k/16k  default:16000
            </summary>
        </member>
        <member name="P:UTH.Domain.MeetingSettingModel.Channel">
            <summary>
            声道数 default: 1
            </summary>
        </member>
        <member name="P:UTH.Domain.MeetingSettingModel.BitDepth">
            <summary>
             位深
             8k/16k 采样率 16bit 位深的单声道
            </summary>
        </member>
        <member name="P:UTH.Domain.MeetingSettingModel.BufferMilliseconds">
            <summary>
            毫秒的缓冲区。推荐值为100 ms
            </summary>
        </member>
        <member name="P:UTH.Domain.MeetingSettingModel.SentenceMilliseconds">
            <summary>
            停止数据后时间断句。推荐值为1500 ms
            </summary>
        </member>
        <member name="P:UTH.Domain.MeetingSettingModel.ByteLength">
            <summary>
            内容长度(托管对象)
            </summary>
        </member>
        <member name="P:UTH.Domain.MeetingSettingModel.ProfileId">
            <summary>
            会议模块个人配置Id
            </summary>
        </member>
        <member name="P:UTH.Domain.MeetingSettingModel.AccountId">
            <summary>
            所属账号
            </summary>
        </member>
        <member name="P:UTH.Domain.MeetingSettingModel.SourceLang">
            <summary>
            源语言
            </summary>
        </member>
        <member name="P:UTH.Domain.MeetingSettingModel.TargetLangs">
            <summary>
            目标语言
            </summary>
        </member>
        <member name="P:UTH.Domain.MeetingSettingModel.Accent">
            <summary>
            口音/方言
            </summary>
        </member>
        <member name="P:UTH.Domain.MeetingSettingModel.FontSize">
            <summary>
            字体大小
            </summary>
        </member>
        <member name="P:UTH.Domain.MeetingSettingModel.Encode">
            <summary>
            编码
            </summary>
        </member>
        <member name="P:UTH.Domain.MeetingSettingModel.RemoteAddress">
            <summary>
            远程服务地址
            eg:"ipc://channel/ServerRemoteObject.rem"
            </summary>
        </member>
        <member name="T:UTH.Domain.IMeetingRepository">
            <summary>
            会议仓储接口
            </summary>
        </member>
        <member name="M:UTH.Domain.IMeetingRepository.FindSyncQuery(UTH.Domain.MeetingSyncInput)">
            <summary>
            查找同步记录
            </summary>
            <param name="input"></param>
            <returns></returns>
        </member>
        <member name="T:UTH.Domain.IMeetingDomainService">
            <summary>
            会议领域服务接口
            </summary>
        </member>
        <member name="M:UTH.Domain.IMeetingDomainService.FindSyncQuery(UTH.Domain.MeetingSyncInput)">
            <summary>
            查找同步记录
            </summary>
            <param name="input"></param>
            <returns></returns>
        </member>
        <member name="T:UTH.Domain.IMeetingProfileDomainService">
            <summary>
            会议配置领域服务接口
            </summary>
        </member>
        <member name="M:UTH.Domain.IMeetingProfileDomainService.GetOrInsertDefaultByAccount(System.Guid)">
            <summary>
            获取账号会议配置(不存在时创建默认)
            </summary>
            <param name="accountId"></param>
            <returns></returns>
        </member>
        <member name="T:UTH.Domain.IMeetingRecordDomainService">
            <summary>
            会议记录领域服务接口
            </summary>
        </member>
        <member name="T:UTH.Domain.MeetingValidator`1">
            <summary>
            账户校验
            </summary>
            <typeparam name="T"></typeparam>
        </member>
        <member name="T:UTH.Domain.SmsSendOutput">
            <summary>
            短信发送结果
            </summary>
        </member>
        <member name="P:UTH.Domain.SmsSendOutput.Success">
            <summary>
            成功标识
            </summary>
        </member>
        <member name="T:UTH.Domain.ISmsService">
            <summary>
            短信服务
            </summary>
        </member>
        <member name="M:UTH.Domain.ISmsService.Send(System.String,System.String)">
            <summary>
            发送短信
            </summary>
            <param name="mobile">手机号</param>
            <param name="content">内容</param>
        </member>
        <member name="M:UTH.Domain.ISmsService.SendAsync(System.String,System.String)">
            <summary>
            发送短信
            </summary>
            <param name="mobile">手机号</param>
            <param name="content">内容</param>
        </member>
        <member name="T:UTH.Domain.IAccountApplication">
            <summary>
            账户应用服务接口
            </summary>
        </member>
        <member name="M:UTH.Domain.IAccountApplication.CheckName(UTH.Domain.AccountEditInput)">
            <summary>
            账户检查
            </summary>
            <param name="input"></param>
            <returns></returns>
        </member>
        <member name="M:UTH.Domain.IAccountApplication.Regist(UTH.Domain.RegistInput)">
            <summary>
            账户注册
            </summary>
            <param name="input">RegistInput</param>
            <returns>RegistOutput</returns>
        </member>
        <member name="M:UTH.Domain.IAccountApplication.SignIn(UTH.Domain.SignInInput)">
            <summary>
            账户签入
            </summary>
            <param name="input">SignInInput</param>
            <returns>SignInOutput</returns>
        </member>
        <member name="M:UTH.Domain.IAccountApplication.SignOut(UTH.Domain.SignOutInput)">
            <summary>
            账户签出
            </summary>
            <param name="input">SignOutInput</param>
            <returns>bool</returns>
        </member>
        <member name="M:UTH.Domain.IAccountApplication.Refresh(UTH.Domain.SignRefreshInput)">
            <summary>
            Token刷新
            </summary>
        </member>
        <member name="M:UTH.Domain.IAccountApplication.FindPwd(UTH.Domain.FindPwdInput)">
            <summary>
            找回密码
            </summary>
            <param name="input"></param>
            <returns></returns>
        </member>
        <member name="M:UTH.Domain.IAccountApplication.EditPwd(UTH.Domain.EditPwdInput)">
            <summary>
            修改密码
            </summary>
            <param name="input"></param>
            <returns></returns>
        </member>
        <member name="T:UTH.Domain.IEmployeApplication">
            <summary>
            人员应用服务接口
            </summary>
        </member>
        <member name="M:UTH.Domain.IEmployeApplication.Create(UTH.Domain.EmployeEditInput)">
            <summary>
            创建人员
            </summary>
            <param name="input"></param>
            <returns></returns>
        </member>
        <member name="T:UTH.Domain.IMemberApplication">
            <summary>
            会员应用服务接口
            </summary>
        </member>
        <member name="T:UTH.Domain.IOrganizeApplication">
            <summary>
            组织应用服务接口
            </summary>
        </member>
        <member name="T:UTH.Domain.AccountDTO">
            <summary>
            账号信息(DTO)
            </summary>
        </member>
        <member name="P:UTH.Domain.AccountDTO.Id">
            <summary>
            Id
            </summary>
        </member>
        <member name="P:UTH.Domain.AccountDTO.Ids">
            <summary>
            Ids
            </summary>
        </member>
        <member name="P:UTH.Domain.AccountDTO.Type">
            <summary>
            账户类型(EnumAccountType)
            </summary>
        </member>
        <member name="P:UTH.Domain.AccountDTO.No">
            <summary>
            账号编号
            </summary>
        </member>
        <member name="P:UTH.Domain.AccountDTO.Account">
            <summary>
            登录账号
            </summary>
        </member>
        <member name="P:UTH.Domain.AccountDTO.Mobile">
            <summary>
            认证手机
            </summary>
        </member>
        <member name="P:UTH.Domain.AccountDTO.Email">
            <summary>
            认证邮箱
            </summary>
        </member>
        <member name="P:UTH.Domain.AccountDTO.Password">
            <summary>
            登录密码
            </summary>
        </member>
        <member name="P:UTH.Domain.AccountDTO.CertificateType">
            <summary>
            证件类型
            </summary>
        </member>
        <member name="P:UTH.Domain.AccountDTO.CertificateNo">
            <summary>
            证件号码
            </summary>
        </member>
        <member name="P:UTH.Domain.AccountDTO.MobileAuth">
            <summary>
            手机是否认证
            </summary>
        </member>
        <member name="P:UTH.Domain.AccountDTO.EmailAuth">
            <summary>
            邮箱是否认证
            </summary>
        </member>
        <member name="P:UTH.Domain.AccountDTO.CertificateAuth">
            <summary>
            证件是否认证
            </summary>
        </member>
        <member name="P:UTH.Domain.AccountDTO.RealName">
            <summary>
            真实姓名
            </summary>
        </member>
        <member name="P:UTH.Domain.AccountDTO.NormalizedAccount">
            <summary>
            规范登录账号
            </summary>
        </member>
        <member name="P:UTH.Domain.AccountDTO.NormalizedEmail">
            <summary>
            规范邮箱地址
            </summary>
        </member>
        <member name="P:UTH.Domain.AccountDTO.IsTwoFactorEnabled">
            <summary>
            启用双因素认证(ref:http://blog.sina.com.cn/s/blog_3c9e07d40101agix.html)
            </summary>
        </member>
        <member name="P:UTH.Domain.AccountDTO.IsLockoutEnabled">
            <summary>
            启用锁定
            </summary>
        </member>
        <member name="P:UTH.Domain.AccountDTO.LockoutEndDateUtc">
            <summary>
            锁定时间
            </summary>
        </member>
        <member name="P:UTH.Domain.AccountDTO.AccessFailedCount">
            <summary>
            验证失败次数
            </summary>
        </member>
        <member name="P:UTH.Domain.AccountDTO.SecurityStamp">
            <summary>
            安全相关信息快照。
            应用场景，假如说用户修改了密码或者是修改了角色，退出等涉及到用户安全相关的时候，这个时候数据库这个值就会改变
            ref:https://www.cnblogs.com/savorboard/p/5422084.html
            </summary>
        </member>
        <member name="P:UTH.Domain.AccountDTO.ConcurrencyStamp">
            <summary>
            当用户被持久化存储到存储区时，必须更改的随机值
            </summary>
        </member>
        <member name="P:UTH.Domain.AccountDTO.InviterId">
            <summary>
            邀请人账号Id
            </summary>
        </member>
        <member name="P:UTH.Domain.AccountDTO.LoginCount">
            <summary>
            登录次数
            </summary>
        </member>
        <member name="P:UTH.Domain.AccountDTO.LoginLastDt">
            <summary>
            最后登录时间
            </summary>
        </member>
        <member name="P:UTH.Domain.AccountDTO.LoginLastIp">
            <summary>
            最后登录Ip
            </summary>
        </member>
        <member name="P:UTH.Domain.AccountDTO.Status">
            <summary>
            账户状态(EnumAccountStatus)
            </summary>
        </member>
        <member name="T:UTH.Domain.AccountEditInput">
            <summary>
            账号输入
            </summary>
        </member>
        <member name="T:UTH.Domain.AccountEditInputValidator">
            <summary>
            账号输入校验
            </summary>
        </member>
        <member name="T:UTH.Domain.EditPwdInput">
            <summary>
            修改密码输入
            </summary>
        </member>
        <member name="P:UTH.Domain.EditPwdInput.AccountId">
            <summary>
            账号Id
            </summary>
        </member>
        <member name="P:UTH.Domain.EditPwdInput.OldPassword">
            <summary>
            原密码
            </summary>
        </member>
        <member name="P:UTH.Domain.EditPwdInput.NewPassword">
            <summary>
            新密码
            </summary>
        </member>
        <member name="P:UTH.Domain.EditPwdInput.AffirmPassword">
            <summary>
            确认密码
            </summary>
        </member>
        <member name="T:UTH.Domain.EditPwdInputValidator">
            <summary>
            修改密码校验
            </summary>
        </member>
        <member name="T:UTH.Domain.EmployeDTO">
            <summary>
            人员信息(DTO)
            </summary>
        </member>
        <member name="P:UTH.Domain.EmployeDTO.Id">
            <summary>
            Id
            </summary>
        </member>
        <member name="P:UTH.Domain.EmployeDTO.Ids">
            <summary>
            Ids
            </summary>
        </member>
        <member name="P:UTH.Domain.EmployeDTO.Organize">
            <summary>
            所属组织
            </summary>
        </member>
        <member name="P:UTH.Domain.EmployeDTO.No">
            <summary>
            人员编号
            </summary>
        </member>
        <member name="P:UTH.Domain.EmployeDTO.Name">
            <summary>
            人员名称
            </summary>
        </member>
        <member name="P:UTH.Domain.EmployeDTO.Phone">
            <summary>
            织组电话
            </summary>
        </member>
        <member name="P:UTH.Domain.EmployeDTO.Status">
            <summary>
            人员账号状态
            </summary>
        </member>
        <member name="T:UTH.Domain.EmployeEditInput">
            <summary>
            人员输入
            </summary>
        </member>
        <member name="T:UTH.Domain.EmployeEditInputValidator">
            <summary>
            人员输入校验
            </summary>
        </member>
        <member name="T:UTH.Domain.FindPwdInput">
            <summary>
            找回密码输入
            </summary>
        </member>
        <member name="P:UTH.Domain.FindPwdInput.Mobile">
            <summary>
            手机号码
            </summary>
        </member>
        <member name="P:UTH.Domain.FindPwdInput.Email">
            <summary>
            邮箱地址
            </summary>
        </member>
        <member name="P:UTH.Domain.FindPwdInput.Password">
            <summary>
            登录密码
            </summary>
        </member>
        <member name="P:UTH.Domain.FindPwdInput.ImgCode">
            <summary>
            图片验证码
            </summary>
        </member>
        <member name="P:UTH.Domain.FindPwdInput.ImgCodeKey">
            <summary>
            图片验证码标识
            </summary>
        </member>
        <member name="P:UTH.Domain.FindPwdInput.SmsCode">
            <summary>
            短信验证码
            </summary>
        </member>
        <member name="T:UTH.Domain.FindPwdInputValidator">
            <summary>
            找回修改校验
            </summary>
        </member>
        <member name="T:UTH.Domain.MemberDTO">
            <summary>
            会员信息(DTO)
            </summary>
        </member>
        <member name="P:UTH.Domain.MemberDTO.Id">
            <summary>
            Id
            </summary>
        </member>
        <member name="P:UTH.Domain.MemberDTO.Ids">
            <summary>
            Ids
            </summary>
        </member>
        <member name="P:UTH.Domain.MemberDTO.No">
            <summary>
            会员编号
            </summary>
        </member>
        <member name="P:UTH.Domain.MemberDTO.Name">
            <summary>
            会员名称
            </summary>
        </member>
        <member name="P:UTH.Domain.MemberDTO.Phone">
            <summary>
            织组电话
            </summary>
        </member>
        <member name="T:UTH.Domain.MemberEditInput">
            <summary>
            会员输入
            </summary>
        </member>
        <member name="T:UTH.Domain.MemberEditInputValidator">
            <summary>
            会员输入校验
            </summary>
        </member>
        <member name="T:UTH.Domain.OrganizeDTO">
            <summary>
            组织信息(DTO)
            </summary>
        </member>
        <member name="P:UTH.Domain.OrganizeDTO.Id">
            <summary>
            Id
            </summary>
        </member>
        <member name="P:UTH.Domain.OrganizeDTO.Ids">
            <summary>
            Ids
            </summary>
        </member>
        <member name="P:UTH.Domain.OrganizeDTO.No">
            <summary>
            组织编号
            </summary>
        </member>
        <member name="P:UTH.Domain.OrganizeDTO.Name">
            <summary>
            组织名称
            </summary>
        </member>
        <member name="P:UTH.Domain.OrganizeDTO.Phone">
            <summary>
            织组电话
            </summary>
        </member>
        <member name="T:UTH.Domain.OrganizeEditInput">
            <summary>
            组织输入
            </summary>
        </member>
        <member name="T:UTH.Domain.OrganizeEditInputValidator">
            <summary>
            组织输入校验
            </summary>
        </member>
        <member name="T:UTH.Domain.RegistInput">
            <summary>
            账户注册输入
            </summary>
        </member>
        <member name="P:UTH.Domain.RegistInput.Account">
            <summary>
            登录账号
            </summary>
        </member>
        <member name="P:UTH.Domain.RegistInput.Mobile">
            <summary>
            手机号码
            </summary>
        </member>
        <member name="P:UTH.Domain.RegistInput.Email">
            <summary>
            邮箱地址
            </summary>
        </member>
        <member name="P:UTH.Domain.RegistInput.Password">
            <summary>
            登录密码
            </summary>
        </member>
        <member name="P:UTH.Domain.RegistInput.Organize">
            <summary>
            组织名称(如传入非空则视为组织注册)
            </summary>
        </member>
        <member name="P:UTH.Domain.RegistInput.ImgCode">
            <summary>
            图片验证码
            </summary>
        </member>
        <member name="P:UTH.Domain.RegistInput.ImgCodeKey">
            <summary>
            图片验证码标识
            </summary>
        </member>
        <member name="P:UTH.Domain.RegistInput.SmsCode">
            <summary>
            短信验证码
            </summary>
        </member>
        <member name="P:UTH.Domain.RegistInput.SmsCodeKey">
            <summary>
             短信验证码标识
            </summary>
        </member>
        <member name="T:UTH.Domain.RegistInputValidator">
            <summary>
            账户注册校验
            </summary>
        </member>
        <member name="T:UTH.Domain.RegistOutput">
            <summary>
            账户注册返回
            </summary>
        </member>
        <member name="P:UTH.Domain.RegistOutput.No">
            <summary>
            账号编号
            </summary>
        </member>
        <member name="P:UTH.Domain.RegistOutput.Account">
            <summary>
            登录账号
            </summary>
        </member>
        <member name="P:UTH.Domain.RegistOutput.Token">
            <summary>
            登录Token
            </summary>
        </member>
        <member name="T:UTH.Domain.SignInInput">
            <summary>
            账户签入参数
            </summary>
        </member>
        <member name="P:UTH.Domain.SignInInput.UserName">
            <summary>
            用户名(可为账号/手机号码/邮箱地址)
            </summary>
        </member>
        <member name="P:UTH.Domain.SignInInput.Num">
            <summary>
            账号编号
            </summary>
        </member>
        <member name="P:UTH.Domain.SignInInput.Account">
            <summary>
            登录账号
            </summary>
        </member>
        <member name="P:UTH.Domain.SignInInput.Mobile">
            <summary>
            手机号码
            </summary>
        </member>
        <member name="P:UTH.Domain.SignInInput.Email">
            <summary>
            邮箱地址
            </summary>
        </member>
        <member name="P:UTH.Domain.SignInInput.Password">
            <summary>
            登录密码
            </summary>
        </member>
        <member name="P:UTH.Domain.SignInInput.ImgCode">
            <summary>
            图片验证码
            </summary>
        </member>
        <member name="P:UTH.Domain.SignInInput.ImgCodeKey">
            <summary>
            图片验证码标识
            </summary>
        </member>
        <member name="T:UTH.Domain.SignInInputValidator">
            <summary>
            账户签入校验
            </summary>
        </member>
        <member name="T:UTH.Domain.SignInOutput">
            <summary>
            账户签入返回
            </summary>
        </member>
        <member name="P:UTH.Domain.SignInOutput.No">
            <summary>
            账号编号
            </summary>
        </member>
        <member name="P:UTH.Domain.SignInOutput.Account">
            <summary>
            登录账号
            </summary>
        </member>
        <member name="P:UTH.Domain.SignInOutput.Type">
            <summary>
            账号类型
            </summary>
        </member>
        <member name="P:UTH.Domain.SignInOutput.Token">
            <summary>
            登录Token
            </summary>
        </member>
        <member name="T:UTH.Domain.SignOutInput">
            <summary>
            账户签出参数
            </summary>
        </member>
        <member name="P:UTH.Domain.SignOutInput.Token">
            <summary>
            Token
            </summary>
        </member>
        <member name="T:UTH.Domain.SignOutInputValidator">
            <summary>
            账户签出校验
            </summary>
        </member>
        <member name="T:UTH.Domain.SignRefreshInput">
            <summary>
            账户刷新参数
            </summary>
        </member>
        <member name="P:UTH.Domain.SignRefreshInput.Token">
            <summary>
            Token
            </summary>
        </member>
        <member name="T:UTH.Domain.SignRefreshInputValidator">
            <summary>
            账户刷新校验
            </summary>
        </member>
        <member name="T:UTH.Domain.EnumGender">
            <summary>
            性别
            </summary>
        </member>
        <member name="T:UTH.Domain.IAccountRepository">
            <summary>
            账户仓储接口
            </summary>
        </member>
        <member name="T:UTH.Domain.IEmployeRepository">
            <summary>
            人员仓储接口
            </summary>
        </member>
        <member name="T:UTH.Domain.IAccountDomainService">
            <summary>
            账户领域服务接口
            </summary>
        </member>
        <member name="M:UTH.Domain.IAccountDomainService.Get(System.String,System.String,System.String,System.String,System.String)">
            <summary>
            获取账户
            </summary>
            <param name="account"></param>
            <param name="mobile"></param>
            <param name="email"></param>
            <param name="userName"></param>
            <param name="no"></param>
            <returns></returns>
        </member>
        <member name="M:UTH.Domain.IAccountDomainService.Create(System.Guid,System.String,System.String,System.String,System.String,System.String,System.String)">
            <summary>
            创建账户
            </summary>
            <param name="id"></param>
            <param name="account"></param>
            <param name="mobile"></param>
            <param name="email"></param>
            <param name="userName"></param>
            <param name="password"></param>
            <param name="organize"></param>
            <returns></returns>
        </member>
        <member name="M:UTH.Domain.IAccountDomainService.Create(UTH.Domain.AccountEntity)">
            <summary>
            创建账户
            </summary>
            <param name="account"></param>
            <returns></returns>
        </member>
        <member name="M:UTH.Domain.IAccountDomainService.Login(System.String,System.String,System.String,System.String,System.String,System.String)">
            <summary>
            账户登录
            </summary>
            <param name="account"></param>
            <param name="mobile"></param>
            <param name="email"></param>
            <param name="userName"></param>
            <param name="password"></param>
            <param name="organize"></param>
            <returns></returns>
        </member>
        <member name="T:UTH.Domain.IEmployeDomainService">
            <summary>
            人员领域服务接口
            </summary>
        </member>
        <member name="T:UTH.Domain.AccountValidator`1">
            <summary>
            账户校验
            </summary>
            <typeparam name="T"></typeparam>
        </member>
        <member name="T:UTH.Domain.EmployeValidator`1">
            <summary>
            人员校验
            </summary>
            <typeparam name="T"></typeparam>
        </member>
        <member name="T:UTH.Domain.MemberValidator`1">
            <summary>
            会员校验
            </summary>
            <typeparam name="T"></typeparam>
        </member>
        <member name="T:UTH.Domain.OrganizeValidator`1">
            <summary>
            组织校验
            </summary>
            <typeparam name="T"></typeparam>
        </member>
        <member name="T:UTH.Domain.UserDomainValidator">
            <summary>
            用户模块领域验证规则
            </summary>
        </member>
        <member name="T:UTH.Domain.AppEntity">
            <summary>
            应用程序信息
            </summary>
        </member>
        <member name="P:UTH.Domain.AppEntity.AppType">
            <summary>
            应用类型
            </summary>
        </member>
        <member name="P:UTH.Domain.AppEntity.Name">
            <summary>
            名称
            </summary>
        </member>
        <member name="P:UTH.Domain.AppEntity.Code">
            <summary>
            应用编码
            </summary>
        </member>
        <member name="P:UTH.Domain.AppEntity.Key">
            <summary>
            应用Key
            </summary>
        </member>
        <member name="P:UTH.Domain.AppEntity.Secret">
            <summary>
            应用密钥
            </summary>
        </member>
        <member name="P:UTH.Domain.AppEntity.Versions">
            <summary>
            应用版本(列忽略)
            </summary>
        </member>
        <member name="T:UTH.Domain.AppVersionEntity">
            <summary>
            应用版本信息
            </summary>
        </member>
        <member name="P:UTH.Domain.AppVersionEntity.AppId">
            <summary>
            应用ID
            </summary>
        </member>
        <member name="P:UTH.Domain.AppVersionEntity.No">
            <summary>
            版本信息
            </summary>
        </member>
        <member name="P:UTH.Domain.AppVersionEntity.Descript">
            <summary>
            版本描述
            </summary>
        </member>
        <member name="P:UTH.Domain.AppVersionEntity.FileSize">
            <summary>
            版本大小(KB)
            </summary>
        </member>
        <member name="P:UTH.Domain.AppVersionEntity.FileAddress">
            <summary>
            文件地址
            </summary>
        </member>
        <member name="P:UTH.Domain.AppVersionEntity.FileMd5">
            <summary>
            文件MD5(用于校验)
            </summary>
        </member>
        <member name="P:UTH.Domain.AppVersionEntity.FileName">
            <summary>
            文件名称
            </summary>
        </member>
        <member name="P:UTH.Domain.AppVersionEntity.ReleaseDt">
            <summary>
            发布时间
            </summary>
        </member>
        <member name="P:UTH.Domain.AppVersionEntity.UpdateType">
            <summary>
            更新类型
            </summary>
        </member>
        <member name="T:UTH.Domain.AssetsEntity">
            <summary>
            资源信息
            </summary>
        </member>
        <member name="P:UTH.Domain.AssetsEntity.AssetsType">
            <summary>
            资源类型
            </summary>
        </member>
        <member name="P:UTH.Domain.AssetsEntity.Name">
            <summary>
            名称
            </summary>
        </member>
        <member name="P:UTH.Domain.AssetsEntity.MD5">
            <summary>
            资源MD5
            </summary>
        </member>
        <member name="T:UTH.Domain.DictionaryEntity">
            <summary>
            数据字典信息
            </summary>
        </member>
        <member name="P:UTH.Domain.DictionaryEntity.Category">
            <summary>
            所属分类
            </summary>
        </member>
        <member name="P:UTH.Domain.DictionaryEntity.Name">
            <summary>
            名称
            </summary>
        </member>
        <member name="P:UTH.Domain.DictionaryEntity.Value">
            <summary>
            值
            </summary>
        </member>
        <member name="P:UTH.Domain.DictionaryEntity.Parent">
            <summary>
            父值
            </summary>
        </member>
        <member name="P:UTH.Domain.DictionaryEntity.Relation">
            <summary>
            关联值
            </summary>
        </member>
        <member name="P:UTH.Domain.DictionaryEntity.Sort">
            <summary>
            序号
            </summary>
        </member>
        <member name="T:UTH.Domain.NavigationEntity">
            <summary>
            导航权限信息
            </summary>
        </member>
        <member name="P:UTH.Domain.NavigationEntity.Name">
            <summary>
            名称
            </summary>
        </member>
        <member name="P:UTH.Domain.NavigationEntity.Parent">
            <summary>
            父级
            </summary>
        </member>
        <member name="P:UTH.Domain.NavigationEntity.Paths">
            <summary>
            路径
            </summary>
        </member>
        <member name="P:UTH.Domain.NavigationEntity.Depth">
            <summary>
            深度
            </summary>
        </member>
        <member name="P:UTH.Domain.NavigationEntity.Value">
            <summary>
            导航值
            </summary>
        </member>
        <member name="P:UTH.Domain.NavigationEntity.Sort">
            <summary>
            序号
            </summary>
        </member>
        <member name="T:UTH.Domain.OperateEntity">
            <summary>
            操作权限信息
            </summary>
        </member>
        <member name="P:UTH.Domain.OperateEntity.NavigateId">
            <summary>
            所属导航
            </summary>
        </member>
        <member name="P:UTH.Domain.OperateEntity.ActionType">
            <summary>
            操作类型
            </summary>
        </member>
        <member name="P:UTH.Domain.OperateEntity.Name">
            <summary>
            名称
            </summary>
        </member>
        <member name="P:UTH.Domain.OperateEntity.Sort">
            <summary>
            序号
            </summary>
        </member>
        <member name="T:UTH.Domain.PermissionActionEntity">
            <summary>
            权限操作信息
            </summary>
        </member>
        <member name="P:UTH.Domain.PermissionActionEntity.Title">
            <summary>
            名称
            </summary>
        </member>
        <member name="P:UTH.Domain.PermissionActionEntity.ActionType">
            <summary>
            操作类型
            </summary>
        </member>
        <member name="P:UTH.Domain.PermissionActionEntity.NavigateId">
            <summary>
            所属导航
            </summary>
        </member>
        <member name="P:UTH.Domain.PermissionActionEntity.Sort">
            <summary>
            序号
            </summary>
        </member>
        <member name="T:UTH.Domain.PermissionNavEntity">
            <summary>
            权限导航信息
            </summary>
        </member>
        <member name="P:UTH.Domain.PermissionNavEntity.Title">
            <summary>
            名称
            </summary>
        </member>
        <member name="P:UTH.Domain.PermissionNavEntity.Parent">
            <summary>
            父级
            </summary>
        </member>
        <member name="P:UTH.Domain.PermissionNavEntity.Paths">
            <summary>
            路径
            </summary>
        </member>
        <member name="P:UTH.Domain.PermissionNavEntity.Depth">
            <summary>
            深度
            </summary>
        </member>
        <member name="P:UTH.Domain.PermissionNavEntity.Navigate">
            <summary>
            导航值
            </summary>
        </member>
        <member name="P:UTH.Domain.PermissionNavEntity.Sort">
            <summary>
            序号
            </summary>
        </member>
        <member name="T:UTH.Domain.MeetingEntity">
            <summary>
            会议信息
            </summary>
        </member>
        <member name="P:UTH.Domain.MeetingEntity.Num">
            <summary>
            会议编号
            </summary>
        </member>
        <member name="P:UTH.Domain.MeetingEntity.Name">
            <summary>
            会议名称
            </summary>
        </member>
        <member name="P:UTH.Domain.MeetingEntity.Descript">
            <summary>
            会议描述
            </summary>
        </member>
        <member name="P:UTH.Domain.MeetingEntity.Setting">
            <summary>
            会议配置JSON
            </summary>
        </member>
        <member name="T:UTH.Domain.MeetingProfileEntity">
            <summary>
            会议账号配置信息
            </summary>
        </member>
        <member name="P:UTH.Domain.MeetingProfileEntity.AccountId">
            <summary>
            所属账号
            </summary>
        </member>
        <member name="P:UTH.Domain.MeetingProfileEntity.SourceLang">
            <summary>
            源语言
            </summary>
        </member>
        <member name="P:UTH.Domain.MeetingProfileEntity.TargetLangs">
            <summary>
            目标语言
            </summary>
        </member>
        <member name="P:UTH.Domain.MeetingProfileEntity.Speed">
            <summary>
            语速
            </summary>
        </member>
        <member name="P:UTH.Domain.MeetingProfileEntity.FontSize">
            <summary>
            字体大小
            </summary>
        </member>
        <member name="T:UTH.Domain.MeetingRecordEntity">
            <summary>
            会议内容
            </summary>
        </member>
        <member name="P:UTH.Domain.MeetingRecordEntity.MeetingId">
            <summary>
            会议Id
            </summary>
        </member>
        <member name="P:UTH.Domain.MeetingRecordEntity.Langue">
            <summary>
            语言
            </summary>
        </member>
        <member name="P:UTH.Domain.MeetingRecordEntity.LangueTrs">
            <summary>
            翻译语言以'|'分割
            </summary>
        </member>
        <member name="P:UTH.Domain.MeetingRecordEntity.Content">
            <summary>
            内容
            </summary>
        </member>
        <member name="P:UTH.Domain.MeetingRecordEntity.LocalId">
            <summary>
            本地Id
            </summary>
        </member>
        <member name="P:UTH.Domain.MeetingRecordEntity.Sort">
            <summary>
            序号
            </summary>
        </member>
        <member name="T:UTH.Domain.MeetingTranslationEntity">
            <summary>
            会议翻译
            </summary>
        </member>
        <member name="P:UTH.Domain.MeetingTranslationEntity.MeetingId">
            <summary>
            会议Id
            </summary>
        </member>
        <member name="P:UTH.Domain.MeetingTranslationEntity.RecordId">
            <summary>
            记录ID
            </summary>
        </member>
        <member name="P:UTH.Domain.MeetingTranslationEntity.Langue">
            <summary>
            语言
            </summary>
        </member>
        <member name="P:UTH.Domain.MeetingTranslationEntity.Content">
            <summary>
            内容
            </summary>
        </member>
        <member name="P:UTH.Domain.MeetingTranslationEntity.Sort">
            <summary>
            序号
            </summary>
        </member>
        <member name="T:UTH.Domain.AccountEntity">
            <summary>
            账号信息
            </summary>
        </member>
        <member name="P:UTH.Domain.AccountEntity.Type">
            <summary>
            账户类型(EnumAccountType)
            </summary>
        </member>
        <member name="P:UTH.Domain.AccountEntity.No">
            <summary>
            账号编号
            </summary>
        </member>
        <member name="P:UTH.Domain.AccountEntity.Account">
            <summary>
            登录账号
            </summary>
        </member>
        <member name="P:UTH.Domain.AccountEntity.Mobile">
            <summary>
            认证手机
            </summary>
        </member>
        <member name="P:UTH.Domain.AccountEntity.Email">
            <summary>
            认证邮箱
            </summary>
        </member>
        <member name="P:UTH.Domain.AccountEntity.Password">
            <summary>
            登录密码
            </summary>
        </member>
        <member name="P:UTH.Domain.AccountEntity.CertificateType">
            <summary>
            证件类型
            </summary>
        </member>
        <member name="P:UTH.Domain.AccountEntity.CertificateNo">
            <summary>
            证件号码
            </summary>
        </member>
        <member name="P:UTH.Domain.AccountEntity.MobileAuth">
            <summary>
            手机是否认证
            </summary>
        </member>
        <member name="P:UTH.Domain.AccountEntity.EmailAuth">
            <summary>
            邮箱是否认证
            </summary>
        </member>
        <member name="P:UTH.Domain.AccountEntity.CertificateAuth">
            <summary>
            证件是否认证
            </summary>
        </member>
        <member name="P:UTH.Domain.AccountEntity.RealName">
            <summary>
            真实姓名
            </summary>
        </member>
        <member name="P:UTH.Domain.AccountEntity.NormalizedAccount">
            <summary>
            规范登录账号
            </summary>
        </member>
        <member name="P:UTH.Domain.AccountEntity.NormalizedEmail">
            <summary>
            规范邮箱地址
            </summary>
        </member>
        <member name="P:UTH.Domain.AccountEntity.IsTwoFactorEnabled">
            <summary>
            启用双因素认证(ref:http://blog.sina.com.cn/s/blog_3c9e07d40101agix.html)
            </summary>
        </member>
        <member name="P:UTH.Domain.AccountEntity.IsLockoutEnabled">
            <summary>
            启用锁定
            </summary>
        </member>
        <member name="P:UTH.Domain.AccountEntity.LockoutEndDateUtc">
            <summary>
            锁定时间
            </summary>
        </member>
        <member name="P:UTH.Domain.AccountEntity.AccessFailedCount">
            <summary>
            验证失败次数
            </summary>
        </member>
        <member name="P:UTH.Domain.AccountEntity.SecurityStamp">
            <summary>
            安全相关信息快照。
            应用场景，假如说用户修改了密码或者是修改了角色，退出等涉及到用户安全相关的时候，这个时候数据库这个值就会改变
            ref:https://www.cnblogs.com/savorboard/p/5422084.html
            </summary>
        </member>
        <member name="P:UTH.Domain.AccountEntity.ConcurrencyStamp">
            <summary>
            当用户被持久化存储到存储区时，必须更改的随机值
            </summary>
        </member>
        <member name="P:UTH.Domain.AccountEntity.InviterId">
            <summary>
            邀请人账号Id
            </summary>
        </member>
        <member name="P:UTH.Domain.AccountEntity.LoginCount">
            <summary>
            登录次数
            </summary>
        </member>
        <member name="P:UTH.Domain.AccountEntity.LoginLastDt">
            <summary>
            最后登录时间
            </summary>
        </member>
        <member name="P:UTH.Domain.AccountEntity.LoginLastIp">
            <summary>
            最后登录Ip
            </summary>
        </member>
        <member name="P:UTH.Domain.AccountEntity.Status">
            <summary>
            账户状态(EnumAccountStatus)
            </summary>
        </member>
        <member name="P:UTH.Domain.AccountEntity.OrganizeNo">
            <summary>
            公司编号
            </summary>
        </member>
        <member name="P:UTH.Domain.AccountEntity.EmployeNo">
            <summary>
            员工编号
            </summary>
        </member>
        <member name="T:UTH.Domain.EmployeEntity">
            <summary>
            人员信息
            </summary>
        </member>
        <member name="P:UTH.Domain.EmployeEntity.Organize">
            <summary>
            所属组织
            </summary>
        </member>
        <member name="P:UTH.Domain.EmployeEntity.No">
            <summary>
            员工编号
            </summary>
        </member>
        <member name="P:UTH.Domain.EmployeEntity.Name">
            <summary>
            人员名称
            </summary>
        </member>
        <member name="P:UTH.Domain.EmployeEntity.Phone">
            <summary>
            织组电话
            </summary>
        </member>
        <member name="P:UTH.Domain.EmployeEntity.Status">
            <summary>
            状态
            </summary>
        </member>
        <member name="T:UTH.Domain.MemberEntity">
            <summary>
            会员信息
            </summary>
        </member>
        <member name="P:UTH.Domain.MemberEntity.Nickname">
            <summary>
            昵称
            </summary>
        </member>
        <member name="P:UTH.Domain.MemberEntity.Gender">
            <summary>
            性别(EnumGender)
            </summary>
        </member>
        <member name="P:UTH.Domain.MemberEntity.Birthdate">
            <summary>
            出生日期
            </summary>
        </member>
        <member name="T:UTH.Domain.OrganizeEntity">
            <summary>
            组织信息(代理员/个体工商/公司企业/团队组织)
            </summary>
        </member>
        <member name="P:UTH.Domain.OrganizeEntity.No">
            <summary>
            组织编号
            </summary>
        </member>
        <member name="P:UTH.Domain.OrganizeEntity.Name">
            <summary>
            组织名称
            </summary>
        </member>
        <member name="P:UTH.Domain.OrganizeEntity.Phone">
            <summary>
            织组电话
            </summary>
        </member>
    </members>
</doc>
